"id","sensorid","gatewayid","co2","temperature","humidity","voltage","rssi","posted","dateadded"
"13049","9","2","400","25.5","55","3369","-77","5","2023-10-03 18:05:20"
"13050","8","2","400","25.5","55","3399","-72","1","2023-10-03 18:05:31"
"13051","6","2","1007","27.36","52","3300","-73","1","2023-10-12 12:10:27"
"13052","6","2","0","27.17","53","3300","-70","1","2023-10-12 12:11:45"
"13053","6","2","0","26.81","56","3300","-85","1","2023-10-12 12:12:31"
"13054","6","2","956","25.81","55","3300","-28","1","2023-10-12 12:16:21"
"13055","10","2","1026","24.76","54","3483","-65","0","2023-10-18 17:40:25"
"13056","10","2","444","22.07","51","3462","-42","0","2023-10-18 18:16:46"
"13057","10","2","1709","20.93","41","3280","-63","0","2024-01-20 10:16:59"
"13058","10","2","774","22.8","35","3280","-64","0","2024-01-20 10:56:10"
"13059","10","2","677","23.42","36","3033","-72","0","2024-01-20 11:45:19"
"13060","10","2","988","23.83","36","3665","-65","0","2024-01-20 12:24:44"
"13061","10","2","1036","24.43","36","3827","-65","0","2024-01-20 13:04:15"
"13062","10","2","1079","24.69","36","4033","-64","0","2024-01-20 13:43:50"
"13063","10","2","1259","25.04","36","4167","-67","0","2024-01-20 14:23:25"
"13064","10","2","1278","24.72","36","4198","-67","0","2024-01-20 15:02:59"
"13065","11","2","2251","24.28","37","4230","-73","0","2024-01-20 15:16:59"
"13066","11","2","1001","24.12","36","4214","-79","0","2024-01-20 15:57:17"
"13067","14","2","5279","24.5","45","4077","-61","0","2024-01-23 16:04:41"
"13068","11","2","2721","23.52","47","4121","-67","0","2024-01-23 16:10:55"
"13069","7","2","2734","25.28","48","3451","-31","0","2024-01-23 16:13:37"
"13070","10","2","592","31.16","32","4092","-65","0","2024-01-23 16:26:14"
"13071","12","2","1868","24.62","46","4106","-66","0","2024-01-23 16:28:53"
"13072","13","2","2126","24.64","44","4062","-27","0","2024-01-23 16:37:52"
"13073","7","2","558","22.28","52","4214","-43","0","2024-04-11 14:51:44"
"13074","3","2","668","25.64","44","4214","-38","0","2024-04-11 15:01:23"
"13075","3","2","886","26.2","42","4214","-46","0","2024-04-11 15:01:41"
"13076","3","2","865","26.45","42","4198","-45","0","2024-04-11 15:01:59"
"13077","3","2","346","24.97","45","4214","-49","0","2024-04-11 15:02:26"
"13078","3","2","875","25.83","45","4214","-44","0","2024-04-11 15:02:44"
"13079","3","2","872","26.3","44","4214","-49","0","2024-04-11 15:03:02"
"13080","3","2","890","26.56","45","4214","-55","0","2024-04-11 15:03:20"
"13081","3","2","1337","26.75","43","4214","-48","0","2024-04-11 15:03:38"
"13082","3","2","1188","26.92","43","4214","-48","0","2024-04-11 15:03:56"
"13083","3","2","1333","26.98","42","4214","-47","0","2024-04-11 15:04:14"
"13084","3","2","1033","27.05","41","4214","-47","0","2024-04-11 15:04:32"
"13085","3","2","860","27.36","41","4214","-54","0","2024-04-11 15:04:50"
"13086","3","2","853","27.5","41","4198","-54","0","2024-04-11 15:05:08"
"13087","3","2","849","27.6","41","4214","-54","0","2024-04-11 15:05:26"
"13088","3","2","844","27.67","41","4214","-53","0","2024-04-11 15:05:44"
"13089","3","2","840","27.75","41","4214","-53","0","2024-04-11 15:06:02"
"13090","3","2","837","27.83","41","4214","-54","0","2024-04-11 15:06:20"
"13091","3","2","837","27.88","41","4214","-55","0","2024-04-11 15:06:38"
"13092","3","2","834","27.91","40","4214","-54","0","2024-04-11 15:06:56"
"13093","3","2","834","27.96","40","4198","-48","0","2024-04-11 15:07:14"
"13094","3","2","834","28.01","40","4214","-51","0","2024-04-11 15:07:32"
"13095","3","2","833","28.05","40","4214","-56","0","2024-04-11 15:07:50"
"13096","3","2","833","28.11","40","4214","-53","0","2024-04-11 15:08:08"
"13097","3","2","833","28.12","40","4214","-54","0","2024-04-11 15:08:26"
"13098","3","2","832","28.19","40","4214","-52","0","2024-04-11 15:08:44"
"13099","3","2","831","28.18","40","4198","-56","0","2024-04-11 15:09:01"
"13100","3","2","831","28.22","40","4198","-49","0","2024-04-11 15:09:19"
"13101","3","2","830","28.24","40","4214","-50","0","2024-04-11 15:09:37"
"13102","3","2","833","28.27","40","4214","-47","0","2024-04-11 15:09:55"
"13103","3","2","834","28.27","40","4214","-52","0","2024-04-11 15:10:13"
"13104","3","2","835","28.3","40","4214","-54","0","2024-04-11 15:10:31"
"13105","3","2","835","28.33","40","4214","-54","0","2024-04-11 15:10:49"
"13106","3","2","834","28.33","40","4198","-49","0","2024-04-11 15:11:07"
"13107","3","2","833","28.35","40","4214","-50","0","2024-04-11 15:11:25"
"13108","3","2","833","28.36","40","4214","-48","0","2024-04-11 15:11:43"
"13109","3","2","831","28.42","39","4214","-49","0","2024-04-11 15:12:01"
"13110","3","2","835","28.75","39","4214","-56","0","2024-04-11 15:12:19"
"13111","3","2","841","28.9","39","4214","-46","0","2024-04-11 15:12:37"
"13112","3","2","850","28.66","39","4214","-52","0","2024-04-11 15:12:55"
"13113","3","2","842","28.54","39","4198","-46","0","2024-04-11 15:13:13"
"13114","3","2","835","28.53","39","4214","-52","0","2024-04-11 15:13:31"
"13115","3","2","832","28.47","39","4214","-47","0","2024-04-11 15:13:49"
"13116","3","2","833","28.47","39","4214","-51","0","2024-04-11 15:14:07"
"13117","3","2","831","28.5","39","4214","-50","0","2024-04-11 15:14:25"
"13118","3","2","834","28.49","39","4214","-51","0","2024-04-11 15:14:43"
"13119","3","2","834","28.5","39","4198","-52","0","2024-04-11 15:15:01"
"13120","3","2","834","28.5","39","4214","-53","0","2024-04-11 15:15:19"
"13121","3","2","834","28.47","39","4214","-51","0","2024-04-11 15:15:37"
"13122","3","2","834","28.5","39","4214","-49","0","2024-04-11 15:15:55"
"13123","3","2","834","28.46","39","4214","-53","0","2024-04-11 15:16:13"
"13124","3","2","833","28.32","39","4214","-53","0","2024-04-11 15:16:31"
"13125","3","2","831","28.4","39","4214","-53","0","2024-04-11 15:16:49"
"13126","3","2","830","28.46","39","4198","-50","0","2024-04-11 15:17:06"
"13127","3","2","831","28.47","39","4214","-53","0","2024-04-11 15:17:24"
"13128","3","2","830","28.47","39","4214","-52","0","2024-04-11 15:17:42"
"13129","3","2","831","28.44","39","4214","-53","0","2024-04-11 15:18:00"
"13130","3","2","832","28.44","39","4214","-45","0","2024-04-11 15:18:18"
"13131","3","2","832","28.42","39","4214","-53","0","2024-04-11 15:18:36"
"13132","3","2","831","28.4","39","4214","-54","0","2024-04-11 15:18:54"
"13133","3","2","830","28.43","39","4198","-54","0","2024-04-11 15:19:12"
"13134","3","2","831","28.3","39","4198","-44","0","2024-04-11 15:19:30"
"13135","3","2","831","28.26","40","4198","-49","0","2024-04-11 15:19:48"
"13136","3","2","830","28.36","39","4214","-53","0","2024-04-11 15:20:06"
"13137","3","2","832","28.33","39","4198","-44","0","2024-04-11 15:20:24"
"13138","3","2","834","28.29","39","4198","-47","0","2024-04-11 15:20:42"
"13139","3","2","831","28.38","39","4198","-47","0","2024-04-11 15:21:00"
"13140","3","2","831","28.27","39","4198","-47","0","2024-04-11 15:21:18"
"13141","3","2","830","28.18","40","4198","-49","0","2024-04-11 15:21:36"
"13142","3","2","829","28.15","40","4198","-52","0","2024-04-11 15:21:54"
"13143","3","2","829","28.23","40","4198","-49","0","2024-04-11 15:22:12"
"13144","3","2","829","28.33","39","4198","-54","0","2024-04-11 15:22:30"
"13145","3","2","831","28.38","39","4198","-45","0","2024-04-11 15:22:48"
"13146","3","2","832","28.39","39","4198","-48","0","2024-04-11 15:23:06"
"13147","3","2","832","28.24","39","4198","-50","0","2024-04-11 15:23:24"
"13148","3","2","830","28.18","40","4214","-49","0","2024-04-11 15:23:42"
"13149","3","2","826","28.15","40","4198","-49","0","2024-04-11 15:24:00"
"13150","3","2","823","28.2","40","4198","-49","0","2024-04-11 15:24:18"
"13151","3","2","825","28.26","39","4198","-52","0","2024-04-11 15:24:36"
"13152","3","2","827","28.35","39","4198","-53","0","2024-04-11 15:24:53"
"13153","3","2","828","28.36","39","4198","-52","0","2024-04-11 15:25:11"
"13154","3","2","827","28.39","39","4198","-53","0","2024-04-11 15:25:29"
"13155","3","2","828","28.39","39","4198","-52","0","2024-04-11 15:25:47"
"13156","3","2","830","28.23","39","4198","-53","0","2024-04-11 15:26:05"
"13157","3","2","829","28.19","39","4198","-52","0","2024-04-11 15:26:23"
"13158","3","2","826","28.27","39","4198","-53","0","2024-04-11 15:26:41"
"13159","3","2","825","28.33","39","4183","-54","0","2024-04-11 15:26:59"
"13160","3","2","825","28.36","39","4198","-50","0","2024-04-11 15:27:17"
"13161","3","2","826","28.38","39","4198","-53","0","2024-04-11 15:27:35"
"13162","3","2","827","28.4","39","4198","-52","0","2024-04-11 15:27:53"
"13163","3","2","826","28.4","39","4198","-52","0","2024-04-11 15:28:11"
"13164","3","2","827","28.42","39","4198","-51","0","2024-04-11 15:28:29"
"13165","3","2","825","28.42","39","4198","-51","0","2024-04-11 15:28:47"
"13166","3","2","824","28.46","39","4183","-51","0","2024-04-11 15:29:05"
"13167","3","2","823","28.42","39","4198","-52","0","2024-04-11 15:29:23"
"13168","3","2","823","28.4","39","4198","-49","0","2024-04-11 15:29:41"
"13169","3","2","823","28.42","39","4198","-48","0","2024-04-11 15:29:59"
"13170","3","2","823","28.43","39","4198","-48","0","2024-04-11 15:30:17"
"13171","3","2","823","28.39","39","4198","-48","0","2024-04-11 15:30:35"
"13172","3","2","823","28.4","39","4183","-48","0","2024-04-11 15:30:53"
"13173","3","2","823","28.39","39","4183","-49","0","2024-04-11 15:31:11"
"13174","3","2","825","28.38","39","4198","-47","0","2024-04-11 15:31:29"
"13175","3","2","825","28.4","39","4198","-48","0","2024-04-11 15:31:47"
"13176","3","2","826","28.43","39","4198","-49","0","2024-04-11 15:32:05"
"13177","3","2","826","28.43","39","4198","-49","0","2024-04-11 15:32:22"
"13178","3","2","828","28.43","39","4198","-51","0","2024-04-11 15:32:40"
"13179","3","2","827","28.44","39","4183","-52","0","2024-04-11 15:32:58"
"13180","3","2","828","28.44","39","4198","-46","0","2024-04-11 15:33:16"
"13181","3","2","827","28.44","39","4198","-46","0","2024-04-11 15:33:34"
"13182","3","2","828","28.46","39","4198","-46","0","2024-04-11 15:33:52"
"13183","3","2","828","28.46","39","4198","-46","0","2024-04-11 15:34:10"
"13184","3","2","829","28.44","39","4198","-47","0","2024-04-11 15:34:28"
"13185","3","2","826","28.29","39","4198","-47","0","2024-04-11 15:34:46"
"13186","3","2","808","28.3","38","4183","-48","0","2024-04-11 15:35:04"
"13187","3","2","779","28.12","38","4198","-53","0","2024-04-11 15:35:22"
"13188","3","2","733","28.12","38","4198","-55","0","2024-04-11 15:35:40"
"13189","3","2","729","28.11","38","4198","-54","0","2024-04-11 15:35:58"
"13190","3","2","719","28.22","38","4198","-54","0","2024-04-11 15:36:16"
"13191","3","2","721","28.23","38","4198","-54","0","2024-04-11 15:36:34"
"13192","3","2","724","28.23","38","4183","-54","0","2024-04-11 15:36:52"
"13193","3","2","727","28.19","38","4183","-54","0","2024-04-11 15:37:10"
"13194","3","2","724","28.33","38","4198","-49","0","2024-04-11 15:37:28"
"13195","3","2","736","28.19","38","4198","-51","0","2024-04-11 15:37:46"
"13196","3","2","726","28.26","38","4198","-51","0","2024-04-11 15:38:04"
"13197","3","2","725","28.16","38","4198","-52","0","2024-04-11 15:38:22"
"13198","3","2","718","28.27","38","4198","-50","0","2024-04-11 15:38:40"
"13199","3","2","724","28.29","38","4183","-51","0","2024-04-11 15:38:58"
"13200","3","2","740","28.15","38","4198","-50","0","2024-04-11 15:39:16"
"13201","3","2","723","28.19","38","4198","-48","0","2024-04-11 15:39:34"
"13202","3","2","726","28.32","38","4198","-48","0","2024-04-11 15:39:52"
"13203","3","2","730","28.33","38","4198","-47","0","2024-04-11 15:40:09"
"13204","3","2","738","28.33","38","4198","-48","0","2024-04-11 15:40:27"
"13205","3","2","732","28.39","38","4198","-47","0","2024-04-11 15:40:45"
"13206","3","2","730","28.33","38","4183","-46","0","2024-04-11 15:41:03"
"13207","3","2","729","28.33","38","4198","-51","0","2024-04-11 15:41:21"
"13208","3","2","728","28.23","38","4198","-52","0","2024-04-11 15:41:39"
"13209","3","2","728","28.3","38","4198","-51","0","2024-04-11 15:41:57"
"13210","3","2","724","28.32","38","4198","-46","0","2024-04-11 15:42:15"
"13211","3","2","723","28.26","38","4198","-47","0","2024-04-11 15:42:33"
"13212","3","2","722","28.26","38","4183","-51","0","2024-04-11 15:42:51"
"13213","3","2","722","28.26","38","4183","-52","0","2024-04-11 15:43:09"
"13214","3","2","723","28.26","38","4198","-52","0","2024-04-11 15:43:27"
"13215","3","2","722","28.2","38","4198","-45","0","2024-04-11 15:43:45"
"13216","3","2","723","28.23","38","4198","-45","0","2024-04-11 15:44:03"
"13217","3","2","729","28.16","38","4198","-45","0","2024-04-11 15:44:21"
"13218","3","2","729","28.19","38","4198","-54","0","2024-04-11 15:44:39"
"13219","3","2","727","28.19","38","4183","-46","0","2024-04-11 15:44:57"
"13220","3","2","726","28.16","38","4198","-47","0","2024-04-11 15:45:15"
"13221","3","2","800","28.36","38","4167","-74","0","2024-04-11 15:49:16"
"13222","3","2","801","28.38","38","4167","-76","0","2024-04-11 15:49:34"
"13223","3","2","804","28.32","38","4167","-75","0","2024-04-11 15:49:52"
"13224","3","2","806","28.38","38","4152","-75","0","2024-04-11 15:50:10"
"13225","3","2","490","21.37","40","4167","-32","0","2024-04-15 11:02:20"
"13226","3","2","981","22.4","39","4167","-33","0","2024-04-15 11:02:38"
"13227","3","2","470","21.1","39","5209","-37","0","2024-04-15 11:08:10"
"13228","3","2","761","22.42","37","5068","-38","0","2024-04-15 11:08:34"
"13229","3","2","761","22.51","37","5209","-37","0","2024-04-15 11:08:36"
"13230","3","2","761","22.61","37","5233","-37","0","2024-04-15 11:08:37"
"13231","3","2","760","22.67","37","5233","-39","0","2024-04-15 11:08:39"
"13232","3","2","758","22.74","37","5233","-39","0","2024-04-15 11:08:41"
"13233","3","2","758","22.81","37","5233","-38","0","2024-04-15 11:08:43"
"13234","3","2","756","22.87","36","5233","-38","0","2024-04-15 11:08:45"
"13235","3","2","755","22.95","36","5233","-37","0","2024-04-15 11:08:47"
"13236","3","2","756","23.01","36","5233","-42","0","2024-04-15 11:08:49"
"13237","3","2","755","23.09","36","5233","-39","0","2024-04-15 11:08:51"
"13238","3","2","754","23.12","36","5233","-38","0","2024-04-15 11:08:53"
"13239","3","2","753","23.21","36","5233","-38","0","2024-04-15 11:08:55"
"13240","3","2","751","23.25","36","5233","-38","0","2024-04-15 11:08:57"
"13241","3","2","750","23.33","36","5233","-38","0","2024-04-15 11:08:59"
"13242","3","2","750","23.39","36","5233","-37","0","2024-04-15 11:09:01"
"13243","3","2","749","23.45","36","5233","-39","0","2024-04-15 11:09:03"
"13244","3","2","746","23.48","36","5233","-38","0","2024-04-15 11:09:05"
"13245","3","2","745","23.54","36","5233","-39","0","2024-04-15 11:09:07"
"13246","3","2","744","23.57","35","5233","-38","0","2024-04-15 11:09:09"
"13247","3","2","743","23.64","35","5233","-39","0","2024-04-15 11:09:11"
"13248","3","2","743","23.67","35","5233","-38","0","2024-04-15 11:09:13"
"13249","3","2","743","23.73","35","5233","-38","0","2024-04-15 11:09:15"
"13250","3","2","742","23.79","35","5233","-38","0","2024-04-15 11:09:17"
"13251","3","2","741","23.81","35","5233","-38","0","2024-04-15 11:09:19"
"13252","3","2","740","23.87","35","5233","-40","0","2024-04-15 11:09:21"
"13253","3","2","739","23.88","35","5209","-40","0","2024-04-15 11:09:23"
"13254","3","2","737","23.93","35","5233","-38","0","2024-04-15 11:09:25"
"13255","3","2","734","23.99","35","5209","-37","0","2024-04-15 11:09:27"
"13256","3","2","732","24.03","35","5209","-39","0","2024-04-15 11:09:29"
"13257","3","2","720","24.05","35","5209","-39","0","2024-04-15 11:09:31"
"13258","3","2","693","24.11","35","5209","-40","0","2024-04-15 11:09:33"
"13259","3","2","689","24.11","35","5209","-39","0","2024-04-15 11:09:35"
"13260","3","2","696","24.18","34","5209","-39","0","2024-04-15 11:09:38"
"13261","3","2","699","24.21","34","5209","-39","0","2024-04-15 11:09:40"
"13262","3","2","700","24.24","34","5209","-40","0","2024-04-15 11:09:42"
"13263","3","2","691","24.28","34","5233","-39","0","2024-04-15 11:09:44"
"13264","3","2","696","24.32","34","5209","-39","0","2024-04-15 11:09:46"
"13265","3","2","695","24.35","34","5209","-37","0","2024-04-15 11:09:48"
"13266","3","2","694","24.38","34","5209","-53","0","2024-04-15 11:09:50"
"13267","3","2","204","23.38","35","4167","-48","0","2024-04-15 11:10:11"
"13268","3","2","517","23.57","35","4167","-48","0","2024-04-15 11:10:13"
"13269","3","2","602","23.72","35","4167","-48","0","2024-04-15 11:10:15"
"13270","3","2","692","23.8","35","4167","-44","0","2024-04-15 11:10:17"
"13271","3","2","365","22.47","38","4167","-40","0","2024-04-15 11:11:14"
"13272","3","2","710","22.74","38","4167","-43","0","2024-04-15 11:11:16"
"13273","3","2","844","22.9","38","4167","-43","0","2024-04-15 11:11:18"
"13274","3","2","911","23.02","38","4167","-38","0","2024-04-15 11:11:20"
"13275","3","2","931","23.15","38","4167","-39","0","2024-04-15 11:11:22"
"13276","3","2","942","23.27","38","4167","-39","0","2024-04-15 11:11:24"
"13277","3","2","959","23.41","38","4167","-41","0","2024-04-15 11:11:26"
"13278","3","2","976","23.48","38","4167","-41","0","2024-04-15 11:11:28"
"13279","3","2","984","23.57","37","4167","-41","0","2024-04-15 11:11:31"
"13280","3","2","993","23.64","37","4167","-41","0","2024-04-15 11:11:33"
"13281","3","2","998","23.73","37","4167","-41","0","2024-04-15 11:11:35"
"13282","3","2","1007","23.81","37","4167","-40","0","2024-04-15 11:11:37"
"13283","3","2","1016","23.87","37","4167","-40","0","2024-04-15 11:11:39"
"13284","3","2","1022","23.94","37","4167","-41","0","2024-04-15 11:11:41"
"13285","3","2","1036","24","37","4167","-41","0","2024-04-15 11:11:43"
"13286","3","2","1072","24.07","37","4167","-40","0","2024-04-15 11:11:45"
"13287","3","2","1088","24.11","37","4167","-40","0","2024-04-15 11:11:47"
"13288","3","2","1099","24.17","37","4167","-40","0","2024-04-15 11:11:49"
"13289","3","2","1115","24.19","36","4167","-40","0","2024-04-15 11:11:51"
"13290","3","2","1128","24.27","36","4167","-40","0","2024-04-15 11:11:53"
"13291","3","2","1128","24.34","36","4167","-40","0","2024-04-15 11:11:55"
"13292","3","2","1124","24.36","36","4167","-39","0","2024-04-15 11:11:57"
"13293","3","2","1130","24.39","36","4167","-40","0","2024-04-15 11:11:59"
"13294","3","2","1134","24.46","36","4167","-40","0","2024-04-15 11:12:01"
"13295","3","2","1135","24.48","36","4167","-39","0","2024-04-15 11:12:03"
"13296","3","2","1138","24.54","36","4167","-39","0","2024-04-15 11:12:05"
"13297","3","2","1142","24.56","36","4167","-41","0","2024-04-15 11:12:07"
"13298","3","2","1146","24.65","36","4167","-39","0","2024-04-15 11:12:09"
"13299","3","2","1150","24.63","36","4167","-39","0","2024-04-15 11:12:11"
"13300","3","2","1151","24.66","36","4167","-40","0","2024-04-15 11:12:13"
"13301","3","2","1154","24.67","36","4167","-39","0","2024-04-15 11:12:15"
"13302","3","2","1155","24.73","36","4167","-40","0","2024-04-15 11:12:17"
"13303","3","2","1158","24.77","36","4167","-40","0","2024-04-15 11:12:19"
"13304","3","2","1158","24.8","36","4167","-40","0","2024-04-15 11:12:21"
"13305","3","2","1160","24.86","36","4167","-39","0","2024-04-15 11:12:23"
"13306","3","2","1160","24.86","36","4167","-40","0","2024-04-15 11:12:25"
"13307","3","2","1165","24.93","36","4167","-42","0","2024-04-15 11:12:27"
"13308","3","2","1167","24.94","36","4167","-40","0","2024-04-15 11:12:29"
"13309","3","2","1171","24.97","36","4167","-40","0","2024-04-15 11:12:31"
"13310","3","2","1172","25","36","4167","-40","0","2024-04-15 11:12:33"
"13311","3","2","1173","25.02","36","4167","-40","0","2024-04-15 11:12:36"
"13312","3","2","1173","25.06","36","4167","-40","0","2024-04-15 11:12:38"
"13313","3","2","1175","25.09","36","4167","-41","0","2024-04-15 11:12:40"
"13314","3","2","1178","25.11","36","4167","-42","0","2024-04-15 11:12:42"
"13315","3","2","1181","25.11","36","4167","-41","0","2024-04-15 11:12:44"
"13316","3","2","1183","25.14","35","4167","-41","0","2024-04-15 11:12:46"
"13317","3","2","1184","25.17","35","4167","-42","0","2024-04-15 11:12:48"
"13318","3","2","1187","25.2","35","4167","-41","0","2024-04-15 11:12:50"
"13319","3","2","1190","25.23","35","4167","-42","0","2024-04-15 11:12:52"
"13320","3","2","1191","25.24","35","4167","-42","0","2024-04-15 11:12:54"
"13321","3","2","1192","25.25","35","4167","-42","0","2024-04-15 11:12:56"
"13322","3","2","1193","25.31","35","4167","-42","0","2024-04-15 11:12:58"
"13323","3","2","1194","25.34","35","4167","-42","0","2024-04-15 11:13:00"
"13324","3","2","1194","25.34","35","4167","-42","0","2024-04-15 11:13:02"
"13325","3","2","1195","25.37","35","4167","-42","0","2024-04-15 11:13:04"
"13326","3","2","1196","25.37","35","4167","-43","0","2024-04-15 11:13:06"
"13327","3","2","1197","25.42","35","4167","-42","0","2024-04-15 11:13:08"
"13328","3","2","1198","25.45","35","4167","-42","0","2024-04-15 11:13:10"
"13329","3","2","1197","25.46","35","4167","-43","0","2024-04-15 11:13:12"
"13330","3","2","1199","25.48","35","4167","-43","0","2024-04-15 11:13:14"
"13331","3","2","1201","25.51","35","4167","-42","0","2024-04-15 11:13:16"
"13332","3","2","1202","25.53","35","4167","-43","0","2024-04-15 11:13:18"
"13333","3","2","1204","25.57","35","4167","-41","0","2024-04-15 11:13:20"
"13334","3","2","1203","25.58","35","4167","-42","0","2024-04-15 11:13:22"
"13335","3","2","1206","25.61","35","4167","-41","0","2024-04-15 11:13:24"
"13336","3","2","1207","25.62","35","4167","-41","0","2024-04-15 11:13:26"
"13337","3","2","1208","25.64","35","4167","-41","0","2024-04-15 11:13:28"
"13338","3","2","1210","25.65","35","4167","-40","0","2024-04-15 11:13:30"
"13339","3","2","1211","25.66","35","4167","-41","0","2024-04-15 11:13:32"
"13340","3","2","1213","25.66","35","4167","-43","0","2024-04-15 11:13:34"
"13341","3","2","1214","25.69","35","4167","-42","0","2024-04-15 11:13:36"
"13342","3","2","1217","25.72","35","4167","-40","0","2024-04-15 11:13:38"
"13343","3","2","1218","25.73","35","4167","-40","0","2024-04-15 11:13:40"
"13344","3","2","1220","25.75","35","4167","-40","0","2024-04-15 11:13:43"
"13345","3","2","1221","25.76","35","4167","-39","0","2024-04-15 11:13:45"
"13346","3","2","1222","25.78","35","4167","-38","0","2024-04-15 11:13:47"
"13347","3","2","1225","25.8","35","4167","-38","0","2024-04-15 11:13:49"
"13348","3","2","1227","25.83","35","4152","-38","0","2024-04-15 11:13:51"
"13349","3","2","1228","25.85","35","4167","-40","0","2024-04-15 11:13:53"
"13350","3","2","1231","25.86","35","4167","-40","0","2024-04-15 11:13:55"
"13351","3","2","1232","25.85","35","4167","-41","0","2024-04-15 11:13:57"
"13352","3","2","1234","25.89","35","4167","-40","0","2024-04-15 11:13:59"
"13353","3","2","1234","25.89","35","4167","-41","0","2024-04-15 11:14:01"
"13354","3","2","1235","25.9","35","4167","-42","0","2024-04-15 11:14:03"
"13355","3","2","1236","25.92","35","4167","-42","0","2024-04-15 11:14:05"
"13356","3","2","1239","25.97","35","4167","-40","0","2024-04-15 11:14:07"
"13357","3","2","1241","25.93","35","4167","-40","0","2024-04-15 11:14:09"
"13358","3","2","1242","25.93","35","4167","-41","0","2024-04-15 11:14:11"
"13359","3","2","1241","25.96","35","4167","-41","0","2024-04-15 11:14:13"
"13360","3","2","1244","25.97","35","4167","-42","0","2024-04-15 11:14:15"
"13361","3","2","1245","26","35","4167","-42","0","2024-04-15 11:14:17"
"13362","3","2","1245","26.03","35","4152","-41","0","2024-04-15 11:14:19"
"13363","3","2","1247","26.07","35","4167","-42","0","2024-04-15 11:14:21"
"13364","3","2","1247","26.07","35","4167","-42","0","2024-04-15 11:14:23"
"13365","3","2","1246","26.06","35","4167","-42","0","2024-04-15 11:14:25"
"13366","3","2","1246","26.08","35","4167","-41","0","2024-04-15 11:14:27"
"13367","3","2","1246","26.1","35","4167","-40","0","2024-04-15 11:14:29"
"13368","3","2","1243","26.13","35","4167","-43","0","2024-04-15 11:14:31"
"13369","3","2","1244","26.15","35","4167","-41","0","2024-04-15 11:14:33"
"13370","3","2","1244","26.16","35","4167","-41","0","2024-04-15 11:14:35"
"13371","3","2","1244","26.13","35","4152","-43","0","2024-04-15 11:14:37"
"13372","3","2","1246","26.19","35","4167","-42","0","2024-04-15 11:14:39"
"13373","3","2","1246","26.2","35","4167","-41","0","2024-04-15 11:14:41"
"13374","3","2","1246","26.2","35","4167","-41","0","2024-04-15 11:14:43"
"13375","3","2","1247","26.23","35","4152","-42","0","2024-04-15 11:14:45"
"13376","3","2","1247","26.24","35","4167","-42","0","2024-04-15 11:14:47"
"13377","3","2","1249","26.24","35","4167","-42","0","2024-04-15 11:14:49"
"13378","3","2","1249","26.26","35","4167","-42","0","2024-04-15 11:14:52"
"13379","3","2","1250","26.27","35","4152","-42","0","2024-04-15 11:14:54"
"13380","3","2","1250","26.26","35","4152","-42","0","2024-04-15 11:14:56"
"13381","3","2","1252","26.3","34","4152","-42","0","2024-04-15 11:14:58"
"13382","3","2","1252","26.31","35","4152","-42","0","2024-04-15 11:15:00"
"13383","3","2","1252","26.33","35","4152","-42","0","2024-04-15 11:15:02"
"13384","3","2","1253","26.33","35","4152","-41","0","2024-04-15 11:15:04"
"13385","3","2","1253","26.34","34","4152","-41","0","2024-04-15 11:15:06"
"13386","3","2","1254","26.33","34","4167","-42","0","2024-04-15 11:15:08"
"13387","3","2","1256","26.37","34","4152","-42","0","2024-04-15 11:15:10"
"13388","3","2","1257","26.28","34","4152","-40","0","2024-04-15 11:15:12"
"13389","3","2","1257","26.31","34","4152","-44","0","2024-04-15 11:15:14"
"13390","3","2","1258","26.33","35","4167","-42","0","2024-04-15 11:15:16"
"13391","3","2","1257","26.37","35","4152","-42","0","2024-04-15 11:15:18"
"13392","3","2","1257","26.4","34","4152","-42","0","2024-04-15 11:15:20"
"13393","3","2","1255","26.4","34","4152","-42","0","2024-04-15 11:15:22"
"13394","3","2","1257","26.41","34","4152","-42","0","2024-04-15 11:15:24"
"13395","3","2","1257","26.44","34","4152","-42","0","2024-04-15 11:15:26"
"13396","3","2","1257","26.44","34","4152","-42","0","2024-04-15 11:15:28"
"13397","3","2","1257","26.44","34","4152","-42","0","2024-04-15 11:15:30"
"13398","3","2","1258","26.45","34","4152","-42","0","2024-04-15 11:15:32"
"13399","3","2","1259","26.47","34","4152","-41","0","2024-04-15 11:15:34"
"13400","3","2","1259","26.45","34","4152","-41","0","2024-04-15 11:15:36"
"13401","3","2","1259","26.5","34","4152","-41","0","2024-04-15 11:15:38"
"13402","3","2","1258","26.5","34","4152","-42","0","2024-04-15 11:15:40"
"13403","3","2","1259","26.52","34","4152","-42","0","2024-04-15 11:15:42"
"13404","3","2","1259","26.52","34","4152","-42","0","2024-04-15 11:15:44"
"13405","3","2","1260","26.52","34","4152","-42","0","2024-04-15 11:15:46"
"13406","3","2","1261","26.56","34","4152","-42","0","2024-04-15 11:15:48"
"13407","3","2","1261","26.56","34","4152","-42","0","2024-04-15 11:15:50"
"13408","3","2","1262","26.58","34","4152","-43","0","2024-04-15 11:15:52"
"13409","3","2","1263","26.54","34","4152","-42","0","2024-04-15 11:15:54"
"13410","3","2","1264","26.52","34","4152","-41","0","2024-04-15 11:15:56"
"13411","3","2","1265","26.52","34","4152","-42","0","2024-04-15 11:15:58"
"13412","3","2","1265","26.51","34","4152","-41","0","2024-04-15 11:16:01"
"13413","3","2","1265","26.48","34","4152","-42","0","2024-04-15 11:16:03"
"13414","3","2","1264","26.51","34","4152","-42","0","2024-04-15 11:16:05"
"13415","3","2","1265","26.5","34","4152","-42","0","2024-04-15 11:16:07"
"13416","3","2","1265","26.54","34","4152","-42","0","2024-04-15 11:16:09"
"13417","3","2","1264","26.5","34","4152","-42","0","2024-04-15 11:16:11"
"13418","3","2","1264","26.5","34","4152","-42","0","2024-04-15 11:16:13"
"13419","3","2","1263","26.51","34","4152","-42","0","2024-04-15 11:16:15"
"13420","3","2","1263","26.56","34","4152","-44","0","2024-04-15 11:16:17"
"13421","3","2","1261","26.58","34","4152","-42","0","2024-04-15 11:16:19"
"13422","3","2","1261","26.61","34","4152","-42","0","2024-04-15 11:16:21"
"13423","3","2","1261","26.61","34","4152","-42","0","2024-04-15 11:16:23"
"13424","3","2","1261","26.65","34","4152","-42","0","2024-04-15 11:16:25"
"13425","3","2","1260","26.67","34","4152","-41","0","2024-04-15 11:16:27"
"13426","3","2","1259","26.67","34","4152","-41","0","2024-04-15 11:16:29"
"13427","3","2","1260","26.68","34","4152","-42","0","2024-04-15 11:16:31"
"13428","3","2","1260","26.7","34","4152","-43","0","2024-04-15 11:16:33"
"13429","3","2","1260","26.72","34","4152","-41","0","2024-04-15 11:16:35"
"13430","3","2","1260","26.72","34","4152","-41","0","2024-04-15 11:16:37"
"13431","3","2","1260","26.74","34","4152","-41","0","2024-04-15 11:16:39"
"13432","3","2","1259","26.74","34","4152","-42","0","2024-04-15 11:16:41"
"13433","3","2","1260","26.75","34","4152","-42","0","2024-04-15 11:16:43"
"13434","3","2","1260","26.77","34","4152","-41","0","2024-04-15 11:16:45"
"13435","3","2","1260","26.78","34","4152","-41","0","2024-04-15 11:16:47"
"13436","3","2","1260","26.79","34","4152","-42","0","2024-04-15 11:16:49"
"13437","3","2","1260","26.78","34","4152","-41","0","2024-04-15 11:16:51"
"13438","3","2","1260","26.81","34","4152","-40","0","2024-04-15 11:16:53"
"13439","3","2","1260","26.81","34","4152","-41","0","2024-04-15 11:16:55"
"13440","3","2","1260","26.82","34","4152","-42","0","2024-04-15 11:16:57"
"13441","3","2","1261","26.83","34","4152","-43","0","2024-04-15 11:16:59"
"13442","3","2","1261","26.86","34","4152","-40","0","2024-04-15 11:17:01"
"13443","3","2","1261","26.85","34","4152","-41","0","2024-04-15 11:17:03"
"13444","3","2","1261","26.89","34","4152","-42","0","2024-04-15 11:17:05"
"13445","3","2","1261","26.86","34","4152","-41","0","2024-04-15 11:17:08"
"13446","3","2","1260","26.89","34","4152","-42","0","2024-04-15 11:17:10"
"13447","3","2","1261","26.91","34","4152","-43","0","2024-04-15 11:17:12"
"13448","3","2","1261","26.91","34","4152","-43","0","2024-04-15 11:17:14"
"13449","3","2","1262","26.92","34","4152","-42","0","2024-04-15 11:17:16"
"13450","3","2","1262","26.92","34","4152","-42","0","2024-04-15 11:17:18"
"13451","3","2","1263","26.93","34","4152","-41","0","2024-04-15 11:17:20"
"13452","3","2","1262","26.93","34","4152","-42","0","2024-04-15 11:17:22"
"13453","3","2","1262","26.93","34","4152","-42","0","2024-04-15 11:17:24"
"13454","3","2","1262","26.96","34","4152","-43","0","2024-04-15 11:17:26"
"13455","3","2","1262","26.96","34","4152","-42","0","2024-04-15 11:17:28"
"13456","3","2","1263","26.98","34","4152","-41","0","2024-04-15 11:17:30"
"13457","3","2","1263","26.99","34","4152","-43","0","2024-04-15 11:17:32"
"13458","3","2","1263","26.99","34","4152","-43","0","2024-04-15 11:17:34"
"13459","3","2","1263","27","34","4152","-43","0","2024-04-15 11:17:36"
"13460","3","2","1264","27","34","4152","-41","0","2024-04-15 11:17:38"
"13461","3","2","1264","27","34","4152","-41","0","2024-04-15 11:17:40"
"13462","3","2","1264","27.02","34","4152","-41","0","2024-04-15 11:17:42"
"13463","3","2","1263","27.02","34","4152","-40","0","2024-04-15 11:17:44"
"13464","3","2","1263","27.02","34","4152","-41","0","2024-04-15 11:17:46"
"13465","3","2","1263","27.03","34","4152","-40","0","2024-04-15 11:17:48"
"13466","3","2","1263","27.03","34","4152","-40","0","2024-04-15 11:17:50"
"13467","3","2","1263","27.06","34","4152","-41","0","2024-04-15 11:17:52"
"13468","3","2","1263","27.06","34","4152","-41","0","2024-04-15 11:17:54"
"13469","3","2","1264","27.07","34","4152","-40","0","2024-04-15 11:17:56"
"13470","3","2","1263","27.05","34","4152","-41","0","2024-04-15 11:17:58"
"13471","3","2","1263","27.07","34","4152","-41","0","2024-04-15 11:18:00"
"13472","3","2","1263","27.1","34","4152","-40","0","2024-04-15 11:18:02"
"13473","3","2","1263","27.09","34","4152","-41","0","2024-04-15 11:18:04"
"13474","3","2","1263","27.09","34","4152","-41","0","2024-04-15 11:18:06"
"13475","3","2","1263","27.12","34","4152","-39","0","2024-04-15 11:18:08"
"13476","3","2","1262","27.1","34","4152","-41","0","2024-04-15 11:18:10"
"13477","3","2","1262","27.12","34","4152","-40","0","2024-04-15 11:18:12"
"13478","3","2","1262","27.12","34","4152","-39","0","2024-04-15 11:18:14"
"13479","3","2","1261","27.13","34","4152","-40","0","2024-04-15 11:18:17"
"13480","3","2","1261","27.12","34","4152","-40","0","2024-04-15 11:18:19"
"13481","3","2","1261","27.14","34","4152","-40","0","2024-04-15 11:18:21"
"13482","3","2","1261","27.14","34","4152","-40","0","2024-04-15 11:18:23"
"13483","3","2","1260","27.17","34","4152","-40","0","2024-04-15 11:18:25"
"13484","3","2","1261","27.17","34","4152","-39","0","2024-04-15 11:18:27"
"13485","3","2","1261","27.16","34","4152","-41","0","2024-04-15 11:18:29"
"13486","3","2","1260","27.16","34","4152","-41","0","2024-04-15 11:18:31"
"13487","3","2","1260","27.19","34","4152","-40","0","2024-04-15 11:18:33"
"13488","3","2","1260","27.17","34","4152","-40","0","2024-04-15 11:18:35"
"13489","3","2","1260","27.19","34","4152","-40","0","2024-04-15 11:18:37"
"13490","3","2","1260","27.19","34","4152","-40","0","2024-04-15 11:18:39"
"13491","3","2","1259","27.22","34","4152","-40","0","2024-04-15 11:18:41"
"13492","3","2","1260","27.23","34","4152","-41","0","2024-04-15 11:18:43"
"13493","3","2","1259","27.22","34","4152","-41","0","2024-04-15 11:18:45"
"13494","3","2","1259","27.23","34","4152","-43","0","2024-04-15 11:18:47"
"13495","3","2","1258","27.23","34","4152","-43","0","2024-04-15 11:18:49"
"13496","3","2","1257","27.25","34","4152","-42","0","2024-04-15 11:18:51"
"13497","3","2","1257","27.23","34","4152","-41","0","2024-04-15 11:18:53"
"13498","3","2","1257","27.25","34","4152","-41","0","2024-04-15 11:18:55"
"13499","3","2","1257","27.26","34","4152","-42","0","2024-04-15 11:18:57"
"13500","3","2","1257","27.26","34","4152","-42","0","2024-04-15 11:18:59"
"13501","3","2","1257","27.29","34","4152","-41","0","2024-04-15 11:19:01"
"13502","3","2","1256","27.29","34","4152","-42","0","2024-04-15 11:19:03"
"13503","3","2","1256","27.27","34","4152","-42","0","2024-04-15 11:19:05"
"13504","3","2","1256","27.3","34","4152","-42","0","2024-04-15 11:19:07"
"13505","3","2","1256","27.3","34","4152","-42","0","2024-04-15 11:19:09"
"13506","3","2","1256","27.29","34","4152","-42","0","2024-04-15 11:19:11"
"13507","3","2","1255","27.3","34","4152","-41","0","2024-04-15 11:19:13"
"13508","3","2","1255","27.3","34","4152","-41","0","2024-04-15 11:19:15"
"13509","3","2","1255","27.33","34","4152","-42","0","2024-04-15 11:19:17"
"13510","3","2","1255","27.33","34","4152","-42","0","2024-04-15 11:19:19"
"13511","3","2","1255","27.36","34","4152","-42","0","2024-04-15 11:19:21"
"13512","3","2","1255","27.3","34","4152","-42","0","2024-04-15 11:19:24"
"13513","3","2","1256","27.26","34","4152","-42","0","2024-04-15 11:19:26"
"13514","3","2","1256","27.26","34","4152","-42","0","2024-04-15 11:19:28"
"13515","3","2","1255","27.25","34","4152","-42","0","2024-04-15 11:19:30"
"13516","3","2","1254","27.23","34","4152","-42","0","2024-04-15 11:19:32"
"13517","3","2","1254","27.2","34","4152","-43","0","2024-04-15 11:19:34"
"13518","3","2","1254","27.23","34","4152","-42","0","2024-04-15 11:19:36"
"13519","3","2","1254","27.23","34","4152","-42","0","2024-04-15 11:19:38"
"13520","3","2","1253","27.23","34","4152","-43","0","2024-04-15 11:19:40"
"13521","3","2","1253","27.23","34","4152","-42","0","2024-04-15 11:19:42"
"13522","3","2","1253","27.19","34","4152","-43","0","2024-04-15 11:19:44"
"13523","3","2","1252","27.22","34","4152","-42","0","2024-04-15 11:19:46"
"13524","3","2","1252","27.22","34","4152","-42","0","2024-04-15 11:19:48"
"13525","3","2","1252","27.2","34","4152","-43","0","2024-04-15 11:19:50"
"13526","3","2","1251","27.2","34","4152","-43","0","2024-04-15 11:19:52"
"13527","3","2","1251","27.2","34","4152","-43","0","2024-04-15 11:19:54"
"13528","3","2","1250","27.22","34","4152","-42","0","2024-04-15 11:19:56"
"13529","3","2","1250","27.17","34","4152","-41","0","2024-04-15 11:19:58"
"13530","3","2","1249","27.22","34","4152","-40","0","2024-04-15 11:20:00"
"13531","3","2","1249","27.2","34","4152","-42","0","2024-04-15 11:20:02"
"13532","3","2","1249","27.22","34","4152","-40","0","2024-04-15 11:20:04"
"13533","3","2","1249","27.2","34","4152","-41","0","2024-04-15 11:20:06"
"13534","3","2","1249","27.22","34","4152","-40","0","2024-04-15 11:20:08"
"13535","3","2","1249","27.23","34","4152","-41","0","2024-04-15 11:20:10"
"13536","3","2","1248","27.23","34","4152","-38","0","2024-04-15 11:20:12"
"13537","3","2","1248","27.2","34","4152","-40","0","2024-04-15 11:20:14"
"13538","3","2","1247","27.22","34","4152","-39","0","2024-04-15 11:20:16"
"13539","3","2","1247","27.23","34","4152","-39","0","2024-04-15 11:20:18"
"13540","3","2","1247","27.23","34","4152","-39","0","2024-04-15 11:20:20"
"13541","3","2","1246","27.22","34","4152","-39","0","2024-04-15 11:20:22"
"13542","3","2","1246","27.25","34","4152","-40","0","2024-04-15 11:20:24"
"13543","3","2","1246","27.23","34","4152","-39","0","2024-04-15 11:20:26"
"13544","3","2","1246","27.23","34","4152","-40","0","2024-04-15 11:20:28"
"13545","3","2","1246","27.25","34","4152","-40","0","2024-04-15 11:20:31"
"13546","3","2","1246","27.23","34","4152","-40","0","2024-04-15 11:20:33"
"13547","3","2","1246","27.26","34","4152","-39","0","2024-04-15 11:20:35"
"13548","3","2","1245","27.25","34","4152","-40","0","2024-04-15 11:20:37"
"13549","3","2","1245","27.25","34","4152","-40","0","2024-04-15 11:20:39"
"13550","3","2","1245","27.25","34","4152","-40","0","2024-04-15 11:20:41"
"13551","3","2","1245","27.23","34","4152","-39","0","2024-04-15 11:20:43"
"13552","3","2","1245","27.26","34","4152","-40","0","2024-04-15 11:20:45"
"13553","3","2","1245","27.25","34","4152","-40","0","2024-04-15 11:20:47"
"13554","3","2","1245","27.26","34","4152","-40","0","2024-04-15 11:20:49"
"13555","3","2","1245","27.29","34","4152","-40","0","2024-04-15 11:20:51"
"13556","3","2","1245","27.25","34","4152","-40","0","2024-04-15 11:20:53"
"13557","3","2","1245","27.27","34","4152","-40","0","2024-04-15 11:20:55"
"13558","3","2","1244","27.26","34","4152","-39","0","2024-04-15 11:20:57"
"13559","3","2","1244","27.26","34","4152","-39","0","2024-04-15 11:20:59"
"13560","3","2","1244","27.27","34","4152","-40","0","2024-04-15 11:21:01"
"13561","3","2","1244","27.26","34","4152","-40","0","2024-04-15 11:21:03"
"13562","3","2","1244","27.27","34","4152","-40","0","2024-04-15 11:21:05"
"13563","3","2","1243","27.29","34","4152","-39","0","2024-04-15 11:21:07"
"13564","3","2","1243","27.27","34","4152","-41","0","2024-04-15 11:21:09"
"13565","3","2","1243","27.29","34","4152","-40","0","2024-04-15 11:21:11"
"13566","3","2","1243","27.29","34","4152","-39","0","2024-04-15 11:21:13"
"13567","3","2","1243","27.27","34","4152","-41","0","2024-04-15 11:21:15"
"13568","3","2","1242","27.3","34","4152","-40","0","2024-04-15 11:21:17"
"13569","3","2","1242","27.3","34","4152","-39","0","2024-04-15 11:21:19"
"13570","3","2","1242","27.3","34","4152","-39","0","2024-04-15 11:21:21"
"13571","3","2","1242","27.27","34","4152","-39","0","2024-04-15 11:21:23"
"13572","3","2","1242","27.29","34","4152","-40","0","2024-04-15 11:21:25"
"13573","3","2","1242","27.3","34","4152","-39","0","2024-04-15 11:21:27"
"13574","3","2","1242","27.29","34","4152","-42","0","2024-04-15 11:21:29"
"13575","3","2","1243","27.3","34","4152","-41","0","2024-04-15 11:21:31"
"13576","3","2","1242","27.32","34","4152","-42","0","2024-04-15 11:21:33"
"13577","3","2","1242","27.33","34","4152","-43","0","2024-04-15 11:21:35"
"13578","3","2","1242","27.3","34","4152","-42","0","2024-04-15 11:21:37"
"13579","3","2","1242","27.32","34","4152","-42","0","2024-04-15 11:21:40"
"13580","3","2","1242","27.32","34","4152","-39","0","2024-04-15 11:21:42"
"13581","3","2","1242","27.33","34","4152","-42","0","2024-04-15 11:21:44"
"13582","3","2","1242","27.34","34","4152","-42","0","2024-04-15 11:21:46"
"13583","3","2","1242","27.34","34","4152","-41","0","2024-04-15 11:21:48"
"13584","3","2","1241","27.32","34","4152","-41","0","2024-04-15 11:21:50"
"13585","3","2","1241","27.34","34","4152","-42","0","2024-04-15 11:21:52"
"13586","3","2","1242","27.34","34","4152","-42","0","2024-04-15 11:21:54"
"13587","3","2","1242","27.32","34","4152","-41","0","2024-04-15 11:21:56"
"13588","3","2","1242","27.34","34","4152","-42","0","2024-04-15 11:21:58"
"13589","3","2","1242","27.36","34","4152","-40","0","2024-04-15 11:22:00"
"13590","3","2","1241","27.36","34","4152","-40","0","2024-04-15 11:22:02"
"13591","3","2","1241","27.36","34","4152","-41","0","2024-04-15 11:22:04"
"13592","3","2","1241","27.36","34","4152","-40","0","2024-04-15 11:22:06"
"13593","3","2","1241","27.37","34","4152","-40","0","2024-04-15 11:22:08"
"13594","3","2","1240","27.36","34","4152","-42","0","2024-04-15 11:22:10"
"13595","3","2","1240","27.4","34","4152","-41","0","2024-04-15 11:22:12"
"13596","3","2","1241","27.37","34","4152","-41","0","2024-04-15 11:22:14"
"13597","3","2","1240","27.39","34","4152","-41","0","2024-04-15 11:22:16"
"13598","3","2","1240","27.39","34","4152","-41","0","2024-04-15 11:22:18"
"13599","3","2","1240","27.39","34","4152","-41","0","2024-04-15 11:22:20"
"13600","3","2","1240","27.39","34","4152","-40","0","2024-04-15 11:22:22"
"13601","3","2","1240","27.37","34","4152","-41","0","2024-04-15 11:22:24"
"13602","3","2","1239","27.39","34","4152","-39","0","2024-04-15 11:22:26"
"13603","3","2","1238","27.4","34","4152","-40","0","2024-04-15 11:22:28"
"13604","3","2","1238","27.41","34","4152","-40","0","2024-04-15 11:22:30"
"13605","3","2","1238","27.41","34","4152","-40","0","2024-04-15 11:22:32"
"13606","3","2","1238","27.41","34","4152","-41","0","2024-04-15 11:22:36"
"13607","3","2","1237","27.41","34","4152","-40","0","2024-04-15 11:22:38"
"13608","3","2","1237","27.41","34","4152","-40","0","2024-04-15 11:22:40"
"13609","3","2","1236","27.4","34","4152","-40","0","2024-04-15 11:22:42"
"13610","3","2","1236","27.4","34","4152","-40","0","2024-04-15 11:22:44"
"13611","3","2","1236","27.43","34","4152","-45","0","2024-04-15 11:22:46"
"13612","3","2","1235","27.41","34","4152","-44","0","2024-04-15 11:22:49"
